Last,First,Street Address,City,State,Zipcode
Levy,Jacob,23 Imaginary Street,Philadelphia,PA,19111
Jones,Bill,121 ToodleeLoo Lane,Toms River,NJ,08123
Richley,Matt,324 Bicentennial Lane,Voorhees,NJ,08047
Thomoas,Josiah,1165 South Broad St,Philadelphia,PA,19110
Huxel,Ronald,1321 S Juniper,Philadelphia,PA,19133
Blankroft,Billup,21 Edamame Blvd,Five Points,DE,07543
Penel,Paul,34 Ashcroft Drive,Station,PA,19323
Rusfustus,Rufus,78 Bledsoe Blvd,Hownley,MI,43212
Faust,David,543 Club Drive,Belarus,NY,10122
